OBJECTID,x,y,Year,STRUCTURET,id,taxval,landuse,yearbuilt,storey,Structures,StrucET,Type,type,Area_m2,Area_ft2
64590,77.21141192,34.669224,2016,Hard Board (Hardy board or pla,37754,131940,Residential,2004,1,Single Family,Hard Board (Hardy board or pla,Building Modified,A58,2219.860665,11775.67639
120592,77.37389311,34.76787933,2006,Cedar/Redwood/Cypress,45542,133340,Residential,1988,1,Single Family,Cedar/Redwood/Cypress,Building Existing,A14,2783.299933,9727.959884
89645,77.16014464,34.68214276,2006,Cedar/Redwood/Cypress,53669,492240,Waterfront River/Creek,2001,1,Single Family,Cedar/Redwood/Cypress,Building Existing,A62,3483.49141,21968.29168
47967,77.44382558,34.80017931,2016,Aluminum/Vinyl,68961,167250,Residential,2007,1,Single Family,Aluminum/Vinyl,Building New,A62,2672.812928,10502.67157
59405,77.54160102,34.8974844,2016,Aluminum/Vinyl,17408,46720,Residential,1960,1,Single Family,Aluminum/Vinyl,Building New,A14,87.81542346,5503.109841
78953,77.35804075,34.52078651,2006,STUCCO BLOCK,39902,160000,Building Only (No Land),1985,1,Beach Condo,STUCCO BLOCK,Building Existing,C14,20853.18446,190.8960013
129693,77.43047504,34.7868477,2006,Brick Frame,42639,166210,Residential,1984,2,Single Family,Brick Frame,Building Existing,A30,174.5418043,12838.07989
134642,77.41237084,34.80569505,2006,Aluminum/Vinyl,67419,160320,Residential,2006,1,Single Family,Aluminum/Vinyl,Building Existing,A62,2350.997019,21047.14601
28303,77.65487714,34.69502512,2016,Aluminum/Vinyl,152912,120230,Building Site,2011,1,Single Family,Aluminum/Vinyl,Building New,A58,1794.913778,20749.9962
134726,77.46339673,34.8067051,2006,Aluminum/Vinyl,47397,151850,Residential,1988,1,Single Family,Aluminum/Vinyl,Building Existing,A10,2621.550682,12989.87846
87686,77.47327829,34.67706703,2006,Aluminum/Vinyl,53545,140070,Residential,1995,1,Single Family,Aluminum/Vinyl,Building Existing,A62,2213.018143,23101.19512
56686,77.52390173,34.84970052,2016,Aluminum/Vinyl,67295,279470,Building Site,2006,1,Single Family,Aluminum/Vinyl,Building New,A62,395.6082055,175705.6977
78259,77.39672641,34.51123692,2006,Aluminum/Vinyl,5376,265600,Waterfront ICW,1990,1,Single Family,Aluminum/Vinyl,Building Existing,A14,1826.147964,21839.05482
59370,77.54497321,34.89690883,2016,,7112,984454,Commercial,0,1,APARTMENT,,Building New,C14,248.1678203,135696.4041
30392,77.14638589,34.69934054,2016,Aluminum/Vinyl,76144,149400,Townhome,2009,2,Town Home,Aluminum/Vinyl,Building New,B32,5246.392211,3576.932737
91142,77.19571111,34.68850124,2006,ALUMINUM/VINYL,58849,47120,Building Site,1988,1,Multi-Section MH,ALUMINUM/VINYL,Building Existing,B35,1970.33277,15485.01554
51224,77.41073176,34.81692561,2016,Aluminum/Vinyl,155070,73510,Townhome,2012,2,Town Home,Aluminum/Vinyl,Building New,B32,3012.781827,1839.533876
53628,77.41389708,34.82938018,2016,Aluminum/Vinyl,157720,170220,Residential,2013,1,Single Family,Aluminum/Vinyl,Building New,A58,2318.68378,13561.02415
31719,77.63380879,34.71441038,2016,Concrete Block,18263,108110,Building Site,1955,1,Single Family,Concrete Block,Building New,A14,58.58362659,156202.9558
47126,77.41733643,34.79463396,2016,"Frame Siding, Plywood",43058,111320,Residential,1984,1,Single Family,"Frame Siding, Plywood",Building New,A14,171.4717395,12170.97817
22191,77.49129702,34.54064858,2016,ALUMINUM/VINYL,55790,76630,Building Site,1995,1,Multi-Section MH,ALUMINUM/VINYL,Building New,B32,407.7332389,31538.39411
30911,77.54621556,34.70808584,2016,ALUMINUM/VINYL,60710,99650,Building Site,2001,1,Multi-Section MH,ALUMINUM/VINYL,Building New,B32,160.8702671,44609.77096
51467,77.5127954,34.81926902,2016,Aluminum/Vinyl,66944,144090,Residential,2007,1,Single Family,Aluminum/Vinyl,Building New,A58,1967.841559,27753.03857
91648,77.12088872,34.68885703,2006,Aluminum/Vinyl,14441,270890,Residential,1998,2,Single Family,Aluminum/Vinyl,Building Existing,A26,1819.946748,5199.85216
93858,77.22269553,34.70189642,2006,Aluminum/Vinyl,38931,115800,Building Site,1997,1,Single Family,Aluminum/Vinyl,Building Existing,A58,1901.463023,21351.38561
58496,77.6431942,34.88502919,2016,ALUMINUM/VINYL,46765,87920,Building Site,2001,1,Multi-Section MH,ALUMINUM/VINYL,Building New,B32,265.879448,46692.41713
130651,77.391366,34.78883671,2006,Aluminum/Vinyl,64105,154820,Residential,2004,1,Single Family,Aluminum/Vinyl,Building Existing,A58,2565.951496,7681.267055
73189,77.54517452,34.89803876,2016,Asbestos Shingle,23225,97250,Residential,1945,1,Single Family,Asbestos Shingle,Building Modified,A10,1070.624841,14587.81375
128601,77.38851083,34.7837914,2006,Aluminum/Vinyl,49089,104930,Residential,1990,1,Single Family,Aluminum/Vinyl,Building Existing,A10,1852.507627,5684.601406
46996,77.55836516,34.79533012,2016,Aluminum/Vinyl,74828,139990,Residential,2009,1,Single Family,Aluminum/Vinyl,Building New,A58,2104.132317,25531.24363
101892,77.51469919,34.73488265,2006,Hard Board (Hardy board or pla,1140,81250,Building Site,1956,1,Single Family,Hard Board (Hardy board or pla,Building Existing,A10,1967.358279,21557.98057
26530,77.60296046,34.68463713,2016,Aluminum/Vinyl,6087,366230,Building Site,2010,1,Single Family,Aluminum/Vinyl,Building New,A58,812.0040644,297585.2695
48478,77.45265105,34.80399267,2016,Asbestos Shingle,13586,86350,Residential,1971,1,Single Family,Asbestos Shingle,Building New,A14,171.8136498,10587.63626
47318,77.44303436,34.79637357,2016,Aluminum/Vinyl,66645,244180,Residential,2006,2,Single Family,Aluminum/Vinyl,Building New,A26,2213.832832,24903.19335
52674,77.40852053,34.82516549,2016,Aluminum/Vinyl,153439,151260,Residential,2011,1,Single Family,Aluminum/Vinyl,Building New,A58,2080.690097,8040.157408
46601,77.42294024,34.79115298,2016,Board and Batten,15263,115820,Residential,1978,1,Single Family,Board and Batten,Building New,A10,316.8669222,14524.05688
41881,77.433565,34.76511294,2016,"Frame Siding, Plywood",24566,94760,Residential,1959,1,Single Family,"Frame Siding, Plywood",Building New,A10,1102.860751,15513.36438
25394,77.22506295,34.66601553,2016,Aluminum/Vinyl,45471,151870,Residential,1994,1,Single Family,Aluminum/Vinyl,Building New,A58,154.2431453,15500.06217
42092,77.44071701,34.76631048,2016,Brick Frame,7493,230850,Residential,1970,2,Single Family,Brick Frame,Building New,A26,112.5226945,23252.8447
143758,77.260528,34.85914176,2006,Concrete Block,9025,55930,Building Site,1964,1,Single Family,Concrete Block,Building Existing,A10,1476.86436,19241.94651
120690,77.38712764,34.76825148,2006,,12460,349938,Commercial/Ind/Secondary,0,1,MEDICAL BUILDING,,Building Existing,F16,1340.616404,39764.9388
110441,77.41934353,34.75195635,2006,Aluminum/Vinyl,28835,142600,Residential,1951,1,Single Family,Aluminum/Vinyl,Building Existing,A10,2550.692075,20266.64112
30616,77.22101223,34.7020061,2016,Aluminum/Vinyl,75211,162940,Residential,2009,1,Single Family,Aluminum/Vinyl,Building New,A58,2200.900002,35262.20585
44120,77.41795888,34.77673741,2016,Aluminum/Vinyl,75445,72410,Townhome,2009,2,Town Home,Aluminum/Vinyl,Building New,B32,2909.026782,2198.425232
79213,77.35901159,34.52315588,2006,ALUMINUM/VINYL,15495,174960,Waterview,1983,2,Beach Duplex,ALUMINUM/VINYL,Building Existing,A26,1510.371228,7911.838882
44282,77.40293131,34.77756896,2016,Brick Veneer,20792,260620,Residential,2008,2,Single Family,Brick Veneer,Building New,A26,2033.522125,21499.93302
104218,77.13593474,34.7352423,2006,Cedar/Redwood/Cypress,45287,182130,Residential,1995,2,Single Family,Cedar/Redwood/Cypress,Building Existing,A30,1726.533927,37387.90626
108776,77.37455131,34.74834701,2006,Aluminum/Vinyl,67671,49790,Townhome,2005,1,Town Home,Aluminum/Vinyl,Building Existing,B32,4665.738143,1470.768272
69558,77.51435745,34.77765643,2016,"Frame Siding, Plywood",53584,127770,Residential,1995,1,Single Family,"Frame Siding, Plywood",Building Modified,A58,2261.385365,36417.76683
72356,77.51023479,34.84734838,2016,Aluminum/Vinyl,64235,172310,Residential,2005,2,Single Family,Aluminum/Vinyl,Building Modified,A30,1633.687978,51951.63613
143052,77.49601357,34.85378548,2006,Aluminum/Vinyl,65056,207980,Golf Course Lot,2004,2,Single Family,Aluminum/Vinyl,Building Existing,A26,2150.071016,19994.69588
59211,77.50938022,34.89350321,2016,Aluminum/Vinyl,158543,184000,Residential,2014,1,Single Family,Aluminum/Vinyl,Building New,A58,2949.792413,16012.04626
67461,77.48506389,34.73803021,2016,Brick Frame,24710,120890,Residential,1965,1,Single Family,Brick Frame,Building Modified,A14,177.7655852,20796.39527
53739,77.49237058,34.83101703,2016,Aluminum/Vinyl,67495,178350,Building Site,2007,2,Single Family,Aluminum/Vinyl,Building New,A30,1690.267208,150533.7086
45479,77.31205358,34.78286973,2016,Aluminum/Vinyl,74617,180960,Residential,2009,1,Single Family,Aluminum/Vinyl,Building New,A62,2575.362003,17395.71983
57413,77.49740326,34.86117689,2016,Aluminum/Vinyl,50136,269060,Golf Course Lot,2000,2,Single Family,Aluminum/Vinyl,Building New,A30,187.5408374,25492.30248
21018,77.50240815,34.52635473,2016,Aluminum/Vinyl,153579,245740,Residential,2011,2,Single Family,Aluminum/Vinyl,Building New,A26,2702.954179,30634.97567
21325,77.39905678,34.52738021,2016,Aluminum/Vinyl,155873,185200,Residential,2013,2,Single Family,Aluminum/Vinyl,Building New,A26,1639.852345,18531.49362
114145,77.40609502,34.7582737,2006,Aluminum/Vinyl,22902,71400,Residential,1953,2,Single Family,Aluminum/Vinyl,Building Existing,A30,1108.814816,10346.77684
133662,77.37841639,34.80055688,2006,Brick Veneer,45073,84700,Building Site,1948,1,Single Family,Brick Veneer,Building Existing,A14,2765.658471,36736.08615
25556,77.19429882,34.666847,2016,Aluminum/Vinyl,67878,158460,Residential,2006,2,Single Family,Aluminum/Vinyl,Building New,A30,1690.271877,12042.80174
40592,77.352048,34.7585374,2016,Aluminum/Vinyl,68366,159010,Residential,2006,1,Single Family,Aluminum/Vinyl,Building New,A62,2313.652406,13233.55422
23641,77.43733211,34.56268401,2016,Aluminum/Vinyl,156601,186330,Residential,2012,1,Single Family,Aluminum/Vinyl,Building New,A58,2550.321437,16003.12226
75915,77.5598621,34.4746192,2006,Aluminum/Vinyl,67167,141020,Residential,2006,1,Single Family,Aluminum/Vinyl,Building Existing,A62,1687.31168,6652.176814
137395,77.45046597,34.81638258,2006,Brick Veneer,11802,130150,Residential,1966,1,Single Family,Brick Veneer,Building Existing,A14,2408.593225,17411.79826
67554,77.13824092,34.73487176,2016,Aluminum/Vinyl,38692,188240,Residential,1998,2,Single Family,Aluminum/Vinyl,Building Modified,A26,1902.50813,39832.22928
26447,77.18242056,34.67812327,2016,Aluminum/Vinyl,39717,143350,Residential,1993,1,Single Family,Aluminum/Vinyl,Building New,A62,91.11972012,20360.51225
20396,77.41923478,34.51947679,2016,Hard Board (Hardy board or pla,66510,344210,Waterfront Canal,2012,1,Single Family,Hard Board (Hardy board or pla,Building New,A62,3513.038066,76038.00825
109969,77.44958881,34.75144291,2006,,7183,612331,Commercial,0,1,RETAIL,,Building Existing,F16,8818.603968,45249.09134
40612,77.23088064,34.75697724,2016,Aluminum/Vinyl,42397,174380,Building Site,1988,2,Single Family,Aluminum/Vinyl,Building New,A26,22.52598848,97247.69805
59934,77.53341999,34.90236607,2016,Aluminum/Vinyl,75793,170780,Residential,2010,2,Single Family,Aluminum/Vinyl,Building New,A26,202.2345215,18594.0467
68955,77.49272663,34.76536263,2016,Brick Veneer,1106,123370,Residential,1977,1,Single Family,Brick Veneer,Building Modified,A14,2153.155853,13249.46514
51897,77.55793165,34.82238955,2016,Aluminum/Vinyl,64562,177140,Residential,2005,1,Single Family,Aluminum/Vinyl,Building New,A58,259.9708325,15689.86458
127215,77.36052109,34.78071651,2006,Aluminum/Vinyl,15014,114520,Residential,1972,1,Single Family,Aluminum/Vinyl,Building Existing,A10,1855.740995,12758.51651
110051,77.36313447,34.75052675,2006,Aluminum/Vinyl,42136,117060,Residential,1984,1,Single Family,Aluminum/Vinyl,Building Existing,A10,1737.543624,9193.108431
61801,77.54052107,34.9273054,2016,Aluminum/Vinyl,68573,157730,Residential,2006,2,Single Family,Aluminum/Vinyl,Building New,A30,1550.926382,21299.94666
49054,77.40739921,34.80690412,2016,Aluminum/Vinyl,69838,55410,Townhome,2007,2,Town Home,Aluminum/Vinyl,Building New,B32,3568.061849,2635.567958
39829,77.34569202,34.75526144,2016,Aluminum/Vinyl,152692,173970,Residential,2015,2,Single Family,Aluminum/Vinyl,Building New,A22,1435.578168,15039.12502
146131,77.55727266,34.90143406,2006,Aluminum/Vinyl,13540,73270,Building Site,1933,1,Single Family,Aluminum/Vinyl,Building Existing,A10,195.873681,19523.3193
39770,77.53731442,34.7574802,2016,Aluminum/Vinyl,18742,64340,Building Site,1925,1,Single Family,Aluminum/Vinyl,Building New,A10,442.0395126,41500.12766
62814,77.62202184,34.94720806,2016,Aluminum/Vinyl,27919,159890,Building Site,2006,1,Single Family,Aluminum/Vinyl,Building New,A62,3202.341125,43559.94335
49667,77.46234327,34.81059092,2016,"Frame Siding, Plywood",53399,171930,Residential,1995,2,Single Family,"Frame Siding, Plywood",Building New,A30,108.3881228,10885.98563
64988,77.15618586,34.6825313,2016,Aluminum/Vinyl,53690,306430,Waterfront River/Creek,2001,2,Single Family,Aluminum/Vinyl,Building Modified,A30,3855.768042,81099.12604
36461,77.22979045,34.73626507,2016,Aluminum/Vinyl,153707,166590,Residential,2014,2,Single Family,Aluminum/Vinyl,Building New,A30,1625.896101,15277.44594
63491,77.55758792,34.48551832,2016,ALUMINUM/VINYL,14801,77750,Building Site,2003,1,Multi-Section MH,ALUMINUM/VINYL,Building Modified,B32,1594.553577,10957.07414
116104,77.42323196,34.76144165,2006,Aluminum/Vinyl,22854,92700,Residential,1946,1,Single Family,Aluminum/Vinyl,Building Existing,A14,785.0411362,26682.12815
36533,77.50077633,34.7403112,2016,Brick Frame,29096,137720,Building Site,1961,1,Single Family,Brick Frame,Building New,A10,65.71451823,43593.29847
70224,77.41470533,34.78894613,2016,Brick Veneer,42204,203600,Residential,1984,2,Single Family,Brick Veneer,Building Modified,A30,2433.7991,20105.81353
74608,77.52069817,34.44837598,2006,ALUMINUM/VINYL,21895,405930,Waterfront Canal,2003,1,Beach House,ALUMINUM/VINYL,Building Existing,A56,2385.203872,7642.469635
32749,77.22755486,34.71463365,2016,Aluminum/Vinyl,68099,163400,Residential,2010,1,Single Family,Aluminum/Vinyl,Building New,A62,2455.199998,20317.26345
25568,77.19347715,34.66676304,2016,Aluminum/Vinyl,73640,77310,Townhome,2007,2,Town Home,Aluminum/Vinyl,Building New,B32,5167.068358,2634.768292
59389,77.51957588,34.89683889,2016,Aluminum/Vinyl,151749,138380,Residential,2011,1,Single Family,Aluminum/Vinyl,Building New,A58,1915.030793,15887.13007
71711,77.22871473,34.82453801,2016,Concrete Block,14111,170370,Commercial,1957,1,RETAIL,Concrete Block,Building Modified,F16,1546.603561,74155.06611
136018,77.46408202,34.81114508,2006,Aluminum/Vinyl,21193,148070,Residential,2003,1,Single Family,Aluminum/Vinyl,Building Existing,A62,2537.186208,11404.57593
65403,77.20692702,34.69089058,2016,Aluminum/Vinyl,23954,82480,Residential,1970,1,Single Family,Aluminum/Vinyl,Building Modified,A14,1463.460969,19969.89026
116065,77.41842497,34.76129382,2006,,30672,81095,Commercial,0,1,CONVERSION,,Building Existing,A10,1000.652766,11574.85907
42952,77.45076337,34.77007156,2016,Stucco Block,36689,545040,Residential,2010,1,Single Family,Stucco Block,Building New,A58,501.4307625,110535.1116
69760,77.50328209,34.78156432,2016,Brick Veneer,15749,102460,Building Site,1966,1,Single Family,Brick Veneer,Building Modified,A14,994.2226326,64521.48458
104677,77.46182813,34.74141646,2006,Aluminum/Vinyl,55768,107040,Building Site,1938,2,Single Family,Aluminum/Vinyl,Building Existing,A26,719.8427953,60068.46025
44705,77.31202884,34.77849976,2016,Aluminum/Vinyl,70858,159630,Residential,2007,1,Single Family,Aluminum/Vinyl,Building New,A62,2306.581241,25040.26763
80375,77.3758259,34.53515895,2006,Aluminum/Vinyl,30311,452420,Waterfront River/Creek,2005,1,Single Family,Aluminum/Vinyl,Building Existing,A62,3140.146987,28556.5956
107636,77.43046171,34.74722994,2006,,40318,86370,Residential,0,1,SPECIAL/INSTITUTIONAL,,Building Existing,F16,237.197363,15548.44445
141685,77.46071235,34.84006582,2006,Aluminum/Vinyl,42992,101650,Residential,1986,1,Single Family,Aluminum/Vinyl,Building Existing,A10,231.7146327,51958.35151
124058,77.35551991,34.77449168,2006,Cedar/Redwood/Cypress,43710,294330,Residential,1986,1,Single Family,Cedar/Redwood/Cypress,Building Existing,A10,4146.030083,50662.66563
57319,77.63143999,34.86201422,2016,,66491,440940,Building Site Off-Road,0,1,RETAIL,,Building New,F16,350.3201409,666588.8002
29218,77.1435457,34.69214449,2016,Aluminum/Vinyl,75929,224820,Residential,2014,1,Single Family,Aluminum/Vinyl,Building New,A62,2882.441287,27400.00692
65883,77.11582504,34.69972901,2016,Concrete Block,24144,109680,Waterfront River/Creek,1959,1,Single Family,Concrete Block,Building Modified,A14,955.6453452,8922.669578
38297,77.33726905,34.74715489,2016,Aluminum/Vinyl,156455,171240,Residential,2013,2,Single Family,Aluminum/Vinyl,Building New,A26,1792.374235,12340.20733
41089,77.31701743,34.760121,2016,Brick Veneer,11745,99990,Residential,1975,1,Single Family,Brick Veneer,Building New,A14,89.59594952,17695.03989
46971,77.37430308,34.79286751,2016,Aluminum/Vinyl,27081,38100,Building Site,1962,1,Single Family,Aluminum/Vinyl,Building New,A14,288.5381146,10636.37263
83545,77.38339312,34.56672024,2006,Aluminum/Vinyl,43729,420950,Waterfront River/Creek,2001,1,Single Family,Aluminum/Vinyl,Building Existing,A62,4188.2101,12532.22328
18145,77.56844906,34.47790948,2016,Aluminum/Vinyl,150819,208710,Residential,2013,2,Single Family,Aluminum/Vinyl,Building New,A26,1652.479155,7406.463141
71217,77.4651848,34.81457586,2016,Brick Veneer,24853,106810,Residential,1976,1,Single Family,Brick Veneer,Building Modified,A10,1980.022507,21805.42833
128116,77.41767256,34.78327288,2006,Aluminum/Vinyl,34213,59590,Townhome,1982,2,Town Home,Aluminum/Vinyl,Building Existing,B35,1893.286232,3580.358862
30160,77.12060857,34.69712342,2016,Aluminum/Vinyl,54949,264850,Residential,2005,1,Single Family,Aluminum/Vinyl,Building New,A62,355.4653566,27813.03296
55660,77.5083452,34.842911,2016,ALUMINUM/VINYL,64470,98510,Residential,2004,1,Multi-Section MH,ALUMINUM/VINYL,Building New,B32,141.1035619,29186.8041
33864,77.5221378,34.72507461,2016,Aluminum/Vinyl,16789,94100,Residential,1981,1,Single Family,Aluminum/Vinyl,Building New,A10,352.947567,21895.5171
131706,77.41771108,34.79218416,2006,,49629,672620,Commercial,0,1,OFFICES/SERVICES,,Building Existing,F16,6064.524639,34619.45048
108913,77.34409779,34.74826888,2006,Aluminum/Vinyl,56903,157150,Residential,1998,2,Single Family,Aluminum/Vinyl,Building Existing,A30,1523.107286,28102.93585
27936,77.21740229,34.68807535,2016,"Frame Siding, Plywood",54754,108350,Residential,1996,1,Single Family,"Frame Siding, Plywood",Building New,A58,76.42392809,15214.46116
40838,77.39928337,34.76023381,2016,Aluminum/Vinyl,67823,78050,Building Site,2011,1,Single Family,Aluminum/Vinyl,Building New,A58,1242.547331,26660.53669
57802,77.55614487,34.86606271,2016,Aluminum/Vinyl,68735,130050,Residential,2007,1,Single Family,Aluminum/Vinyl,Building New,A58,1947.767198,33974.92018
45828,77.30977597,34.78529302,2016,Aluminum/Vinyl,156177,146700,Residential,2012,1,Single Family,Aluminum/Vinyl,Building New,A58,1899.702513,10000.47013
75576,77.47238323,34.46756332,2006,ALUMINUM/VINYL,23206,415410,Waterview,1995,1,Beach House,ALUMINUM/VINYL,Building Existing,A62,2029.785576,4932.507213
41529,77.531253,34.76473612,2016,Siding on Sheathing,33043,107510,Residential,1983,1,Single Family,Siding on Sheathing,Building New,A14,108.3770767,10103.79404
42847,77.49755484,34.77025079,2016,Aluminum/Vinyl,64194,132210,Residential,2004,1,Single Family,Aluminum/Vinyl,Building New,A58,116.1481786,39499.93296
49560,77.41380621,34.80946993,2016,Aluminum/Vinyl,68698,173410,Residential,2006,2,Single Family,Aluminum/Vinyl,Building New,A26,1954.835772,10602.3079
42733,77.43930557,34.76902728,2016,Asbestos Shingle,22414,105770,Residential,1962,2,Single Family,Asbestos Shingle,Building New,A30,314.2753263,22454.14351
105684,77.49343489,34.74474487,2006,Aluminum/Vinyl,39187,141500,Residential,1987,1,Single Family,Aluminum/Vinyl,Building Existing,A14,111.5910912,56889.30246
113002,77.37146958,34.75602768,2006,"Frame Siding, Plywood",49051,151040,Residential,1991,2,Single Family,"Frame Siding, Plywood",Building Existing,A26,209.9849035,23312.06477
60708,77.6334739,34.9132726,2016,Aluminum/Vinyl,71282,167420,Residential,2008,2,Single Family,Aluminum/Vinyl,Building New,A30,93.14925153,15456.13885
38435,77.30653719,34.74731885,2016,Aluminum/Vinyl,154620,233300,Residential,2012,2,Single Family,Aluminum/Vinyl,Building New,A30,2259.168548,16819.29187
43542,77.43544309,34.77341246,2016,Aluminum/Vinyl,1850,131560,Residential,1963,2,Single Family,Aluminum/Vinyl,Building New,A26,243.1386821,11078.36375
26966,77.53068844,34.6873024,2016,Aluminum/Vinyl,72388,195990,Residential,2007,2,Single Family,Aluminum/Vinyl,Building New,A30,1802.164936,16216.6274
112624,77.41387657,34.75602067,2006,Aluminum/Vinyl,160367,58920,Residential,1953,1,Duplex,Aluminum/Vinyl,Building Existing,A14,129.793495,15855.42761
119998,77.43036544,34.76765865,2006,Brick Frame,15633,86840,Residential,1959,1,Single Family,Brick Frame,Building Existing,A14,1465.356673,41371.99107
126191,77.43420573,34.77957302,2006,Asbestos Shingle,28832,101270,Residential,1963,2,Single Family,Asbestos Shingle,Building Existing,A26,1433.595407,12317.62205
46930,77.36513355,34.79247881,2016,Cedar/Redwood/Cypress,46507,76090,Building Site,1930,1,Single Family,Cedar/Redwood/Cypress,Building New,A10,652.2880154,63212.77027
128588,77.39315423,34.78384041,2006,Aluminum/Vinyl,50659,111100,Residential,1991,1,Single Family,Aluminum/Vinyl,Building Existing,A10,1803.921511,7713.769188
138949,77.56183071,34.82587289,2006,Aluminum/Vinyl,59630,117450,Residential,2002,1,Single Family,Aluminum/Vinyl,Building Existing,A58,1710.52772,15741.24061
87811,77.47747182,34.67780005,2006,Aluminum/Vinyl,58485,138000,Residential,1998,1,Single Family,Aluminum/Vinyl,Building Existing,A58,1778.640287,23271.59787
36761,77.52454863,34.74184446,2016,Aluminum/Vinyl,76294,135160,Residential,2010,1,Single Family,Aluminum/Vinyl,Building New,A62,2072.510724,29569.70836
52168,77.40139471,34.8220545,2016,Aluminum/Vinyl,153291,254420,Residential,2011,2,Single Family,Aluminum/Vinyl,Building New,A26,2805.391732,13613.68702
35192,77.18382638,34.72790284,2016,Aluminum/Vinyl,156674,255670,Residential,2013,2,Single Family,Aluminum/Vinyl,Building New,A26,2649.814216,66010.42411
130081,77.3643314,34.78700609,2006,Siding on Sheathing,1405,87960,Residential,1982,1,Single Family,Siding on Sheathing,Building Existing,A14,2014.650896,16477.97747
48666,77.45914626,34.80544483,2016,Aluminum/Vinyl,2054,122090,Residential,1976,1,Single Family,Aluminum/Vinyl,Building New,A14,80.63692196,15392.42233
88349,77.21184179,34.67720284,2006,ALUMINUM/VINYL,29739,82610,Building Site,1994,1,Multi-Section MH,ALUMINUM/VINYL,Building Existing,B35,1722.182314,26360.6395
23381,77.37923136,34.55741429,2016,Aluminum/Vinyl,68051,137690,Residential,2006,1,Single Family,Aluminum/Vinyl,Building New,A58,1868.467275,16676.60398
37122,77.36519817,34.74235829,2016,"ALUMINUM,VINYL",73157,55000,Building Only (No Land),2008,2,Condominium,"ALUMINUM,VINYL",Building New,C24,2937.501741,620.2620018
70379,77.28167362,34.79033236,2016,Brick Veneer,3990,72990,Building Site,1979,1,Single Family,Brick Veneer,Building Modified,A14,1493.462713,20790.7658
69497,77.43081853,34.77541057,2016,Aluminum/Vinyl,7562,138900,Residential,1960,1,Single Family,Aluminum/Vinyl,Building Modified,A14,3106.50474,14085.8239
22519,77.4024953,34.54562629,2016,,36238,534870,Building Site,0,1,PUBLIC BUILDINGS,,Building New,E6,238.549695,63678.81957
51662,77.51548757,34.82038724,2016,Aluminum/Vinyl,66932,169910,Residential,2006,2,Single Family,Aluminum/Vinyl,Building New,A26,94.76895875,41533.68888
60662,77.52232046,34.91142752,2016,ALUMINUM/VINYL,73936,86120,Residential,2008,1,Multi-Section MH,ALUMINUM/VINYL,Building New,B32,2152.010679,20091.46614
103107,77.50869834,34.73755794,2006,Aluminum/Vinyl,15324,90290,Building Site,1952,1,Single Family,Aluminum/Vinyl,Building Existing,A14,201.2965999,34318.07282
42521,77.32504615,34.7664586,2016,Aluminum/Vinyl,151067,235000,Residential,2015,2,Single Family,Aluminum/Vinyl,Building New,A22,1808.270078,20461.02108
58455,77.24350178,34.87871811,2016,ALUMINUM/VINYL,32543,109470,Residential,2004,1,Multi-Section MH,ALUMINUM/VINYL,Building New,B32,914.3264953,114276.3035
79982,77.38257059,34.53131262,2006,Aluminum/Vinyl,47695,148950,Residential,1994,1,Single Family,Aluminum/Vinyl,Building Existing,A58,2546.938668,19605.41158
33698,77.23190325,34.72000991,2016,ALUMINUM/VINYL,48615,81520,Residential,2003,1,Multi-Section MH,ALUMINUM/VINYL,Building New,B32,124.6983714,31572.7357
56156,77.51461149,34.84607993,2016,Aluminum/Vinyl,154889,156500,Residential,2012,1,Single Family,Aluminum/Vinyl,Building New,A62,2321.618783,16199.40653
118081,77.34105069,34.76341808,2006,Aluminum/Vinyl,41565,110050,Residential,1983,1,Single Family,Aluminum/Vinyl,Building Existing,A10,1856.950919,23251.0374
24389,77.59478526,34.64567439,2016,Aluminum/Vinyl,10274,148610,Building Site,1985,2,Single Family,Aluminum/Vinyl,Building New,A30,200.8440474,121373.9905
120713,77.36967741,34.76801314,2006,Brick Veneer,19257,140120,Residential,1971,1,Single Family,Brick Veneer,Building Existing,A10,2547.301764,20241.90999
48298,77.45437636,34.80258687,2016,Aluminum/Vinyl,22924,103490,Residential,1972,1,Single Family,Aluminum/Vinyl,Building New,A14,418.8166555,9226.187368
110579,77.35627731,34.75140329,2006,"Frame Siding, Plywood",49966,97010,Residential,1997,1,Single Family,"Frame Siding, Plywood",Building Existing,A62,1136.984788,8191.449916
117878,77.49124636,34.76506402,2006,Siding on Sheathing,32224,84390,Residential,1980,1,Single Family,Siding on Sheathing,Building Existing,A10,1563.164996,12402.39395
96602,77.17949379,34.71320409,2006,,3623,26480,Commercial,0,1,RETAIL,,Building Existing,F16,128.0982599,15095.81492
20822,77.37064925,34.52344709,2016,Aluminum/Vinyl,48354,453470,Waterfront Sound,2015,2,Single Family,Aluminum/Vinyl,Building New,A22,1805.554828,25424.7907
56491,77.51798271,34.84804925,2016,Aluminum/Vinyl,74671,257080,Residential,2011,2,Single Family,Aluminum/Vinyl,Building New,A26,2479.878891,29519.88863
75677,77.46871376,34.46944386,2006,CEDAR/REDWOOD/CYPRESS,14896,466900,Waterview,2003,2,Beach House,CEDAR/REDWOOD/CYPRESS,Building Existing,A26,900.2927437,5024.880819
89447,77.21098971,34.68228203,2006,Aluminum/Vinyl,35463,103740,Residential,1986,1,Single Family,Aluminum/Vinyl,Building Existing,A14,1493.833111,16022.37644
112794,77.36651121,34.75558778,2006,"Frame Siding, Plywood",47009,137070,Residential,1988,1,Single Family,"Frame Siding, Plywood",Building Existing,A14,2186.405015,12998.58705
135130,77.46521491,34.80818312,2006,"Frame Siding, Plywood",55404,145230,Residential,1997,1,Single Family,"Frame Siding, Plywood",Building Existing,A58,2792.660001,17326.76904
120952,77.37334277,34.76843389,2006,Brick Veneer,25332,185820,Residential,1973,1,Single Family,Brick Veneer,Building Existing,A14,3312.72227,29989.85228
142607,77.56331526,34.84727495,2006,Aluminum/Vinyl,64407,164820,Residential,2004,2,Single Family,Aluminum/Vinyl,Building Existing,A30,1686.190946,20950.2127
49690,77.40406297,34.80985411,2016,Aluminum/Vinyl,153033,98220,Townhome,2011,2,Town Home,Aluminum/Vinyl,Building New,B32,3770.530823,1190.506433
80106,77.50054955,34.53437272,2006,Brick Veneer,238,93350,Building Site,1961,1,Single Family,Brick Veneer,Building Existing,A10,373.959979,26876.314
102333,77.52204353,34.73597352,2006,Brick Veneer,13974,164030,Building Site,1976,2,Single Family,Brick Veneer,Building Existing,A30,840.6582043,217277.9501
116581,77.3689328,34.76139624,2006,Aluminum/Vinyl,36774,173990,Residential,2003,1,Single Family,Aluminum/Vinyl,Building Existing,A62,2770.434771,15539.14988
46186,77.42132492,34.78861046,2016,,53276,1613641,Commercial,0,1,RETAIL,,Building New,D10,14787.79656,99265.865
80469,77.40366573,34.5368481,2006,ALUMINUM/VINYL,46648,72800,Residential,1995,1,Multi-Section MH,ALUMINUM/VINYL,Building Existing,B32,848.995394,19932.14949
120507,77.4380122,34.76866664,2006,Aluminum/Vinyl,7492,107210,Residential,1962,1,Single Family,Aluminum/Vinyl,Building Existing,A10,258.7651009,13048.13992
26219,77.57478377,34.68098884,2016,Log,24008,370370,Building Site,1982,2,Single Family,Log,Building New,A30,151.0293302,496916.9654
128525,77.39021047,34.783659,2006,"Frame Siding, Plywood",44052,100090,Residential,1985,1,Single Family,"Frame Siding, Plywood",Building Existing,A10,1699.14566,6106.917232
17637,77.56407782,34.47358088,2016,Aluminum/Vinyl,75987,163890,Residential,2010,1,Single Family,Aluminum/Vinyl,Building New,A62,2083.969909,8449.817284
127209,77.52452405,34.78284546,2006,Aluminum/Vinyl,3926,84730,Building Site,1961,1,Single Family,Aluminum/Vinyl,Building Existing,A10,1784.786928,34304.72295
114216,77.3229076,34.75722681,2006,Aluminum/Vinyl,10935,120310,Residential,1978,1,Single Family,Aluminum/Vinyl,Building Existing,A10,1883.240501,17130.38873
129512,77.43545927,34.78635619,2006,Brick Veneer,44780,193950,Residential,1986,2,Single Family,Brick Veneer,Building Existing,A30,2320.69669,26139.14249
81185,77.37903422,34.5440231,2006,ALUMINUM/VINYL,58682,80590,Building Site,1994,1,Multi-Section MH,ALUMINUM/VINYL,Building Existing,B35,2070.422127,14864.17576
127319,77.41083776,34.78155121,2006,Brick Veneer,15210,105850,Residential,1963,1,Single Family,Brick Veneer,Building Existing,A14,1997.533874,12488.99268
114808,77.30316785,34.75786408,2006,Aluminum/Vinyl,45597,108150,Residential,1987,1,Single Family,Aluminum/Vinyl,Building Existing,A10,1632.854422,10522.49708
135902,77.45757571,34.81061126,2006,Aluminum/Vinyl,61313,150750,Residential,2002,1,Single Family,Aluminum/Vinyl,Building Existing,A62,2582.853004,15081.21253
25948,77.18899354,34.67152836,2016,Aluminum/Vinyl,153317,77000,Townhome,2012,2,Town Home,Aluminum/Vinyl,Building New,B32,3949.212252,1300.260588
29946,77.60342082,34.70222972,2016,Aluminum/Vinyl,158616,250810,Residential,2014,2,Single Family,Aluminum/Vinyl,Building New,A26,2309.28999,12510.10349
52731,77.41375975,34.82558072,2016,Aluminum/Vinyl,159929,192670,Residential,2015,2,Single Family,Aluminum/Vinyl,Building New,A18,1688.281758,9161.424263
108033,77.37123389,34.74713378,2006,Siding on Sheathing,34464,51640,Residential,1983,1,Duplex,Siding on Sheathing,Building Existing,A10,2028.910886,4709.280299
61783,77.53692721,34.92703937,2016,Aluminum/Vinyl,159451,133410,Residential,2015,1,Single Family,Aluminum/Vinyl,Building New,A50,1906.741383,29715.27481
123683,77.42039782,34.77472399,2006,Brick Veneer,5367,112470,Residential,1977,1,Single Family,Brick Veneer,Building Existing,A14,1852.630514,16173.67221
110341,77.37653377,34.75121347,2006,Brick Frame,350,131240,Residential,1973,2,Single Family,Brick Frame,Building Existing,A30,2187.650343,15657.79961
76717,77.52495043,34.48764583,2006,Brick Veneer,28454,124840,Building Site,1962,1,Single Family,Brick Veneer,Building Existing,A10,217.0121628,218837.3962
129737,77.36620877,34.78603168,2006,Siding on Sheathing,45439,116220,Residential,1987,1,Single Family,Siding on Sheathing,Building Existing,A10,1942.490944,17109.42376
17203,77.51901422,34.4419414,2016,"ALUMINUM,VINYL",72088,400000,Building Only (No Land),2006,3,Beach Condo,"ALUMINUM,VINYL",Building New,C25,5838.321049,1007.679095
17415,77.51843039,34.45244795,2016,"ALUMINUM,VINYL",9138,252570,Waterfront Canal,1998,1,Singlewide M/H,"ALUMINUM,VINYL",Building New,B32,144.637196,7583.30164
136135,77.46341138,34.81158288,2006,Aluminum/Vinyl,21008,148170,Residential,2003,1,Single Family,Aluminum/Vinyl,Building Existing,A58,2694.699609,10359.26633
20670,77.4165283,34.52302116,2016,Aluminum/Vinyl,159267,226640,Residential,2015,2,Single Family,Aluminum/Vinyl,Building New,A18,1979.066911,13852.89133
87715,77.20140008,34.67349576,2006,Siding on Sheathing,59695,122680,Residential,1999,1,Single Family,Siding on Sheathing,Building Existing,A58,2073.590318,12389.01042
36745,77.13394112,34.73636685,2016,Aluminum/Vinyl,49615,171350,Residential,1999,1,Single Family,Aluminum/Vinyl,Building New,A62,147.7118844,47320.99519
38001,77.4318663,34.74724421,2016,Hard Board (Hardy board or pla,5149,147690,Residential,2011,1,Single Family,Hard Board (Hardy board or pla,Building New,A58,1977.945167,7599.171026
47364,77.49340988,34.79736588,2016,MODULAR METAL,32561,183510,Mobile Home Park,1975,1,Multi-Section MH,MODULAR METAL,Building New,B37,713.3930065,358160.3048
130309,77.39109158,34.78798597,2006,Aluminum/Vinyl,64100,157080,Residential,2004,2,Single Family,Aluminum/Vinyl,Building Existing,A30,1418.448585,8809.932074
86563,77.47752936,34.669818,2006,Log,17452,142230,Building Site,1978,2,Single Family,Log,Building Existing,A26,263.6891068,33730.03599
37299,77.47880828,34.7448036,2016,Aluminum/Vinyl,30042,130460,Residential,1986,1,Single Family,Aluminum/Vinyl,Building New,A14,96.49719829,12822.58882
39587,77.36355577,34.75438127,2016,Aluminum/Vinyl,63701,165190,Residential,2004,2,Single Family,Aluminum/Vinyl,Building New,A30,69.92041887,20845.18287
102655,77.33020635,34.73410524,2006,"Frame Siding, Plywood",49403,133910,Residential,1991,1,Single Family,"Frame Siding, Plywood",Building Existing,A10,2367.961886,9628.608094
54982,77.51038493,34.83847733,2016,ALUMINUM/VINYL,59275,85030,Residential,1999,1,Multi-Section MH,ALUMINUM/VINYL,Building New,B32,224.3288001,17422.21791
20154,77.37659042,34.51411184,2016,"FRAME SIDING,PLYWOOD",10564,288890,Waterfront ICW,1948,1,Beach House,"FRAME SIDING,PLYWOOD",Building New,A14,1563.791634,1438701.209
54038,77.49602142,34.83265795,2016,Aluminum/Vinyl,67639,160730,Residential,2006,1,Single Family,Aluminum/Vinyl,Building New,A58,58.05244314,16182.11488
132820,77.41951315,34.79674257,2006,"Frame Siding, Plywood",1334,97570,Residential,1975,1,Single Family,"Frame Siding, Plywood",Building Existing,A10,2225.333669,11052.83025
124038,77.49258381,34.77631244,2006,,8643,262440,Commercial,0,1,OFFICES/SERVICES,,Building Existing,F16,1074.816269,84418.20167
24003,77.38390387,34.56759368,2016,Aluminum/Vinyl,35833,86850,Waterview,1945,1,Single Family,Aluminum/Vinyl,Building New,A14,772.1386577,10052.15348
49918,77.37054288,34.81034587,2016,"ALUMINUM,VINYL",49262,46350,Building Site,2000,1,Singlewide M/H,"ALUMINUM,VINYL",Building New,B32,2394.169813,57227.91321
53042,77.4082219,34.82685087,2016,Aluminum/Vinyl,155164,167620,Residential,2012,1,Single Family,Aluminum/Vinyl,Building New,A62,2359.153545,9546.892636
86856,77.47929232,34.67127147,2006,Brick Veneer,1245,142000,Building Site,1969,1,Single Family,Brick Veneer,Building Existing,A10,2116.604964,36386.14387
131983,77.41451565,34.79342519,2006,,52276,128917,Commercial,0,1,OFFICES/SERVICES,,Building Existing,F16,4376.425049,10803.2598
111778,77.3773548,34.75404771,2006,Brick Veneer,3503,107470,Residential,1973,1,Single Family,Brick Veneer,Building Existing,A14,2434.435125,19717.56322
43812,77.40345908,34.77481585,2016,Brick Veneer,9094,112310,Residential,1973,1,Single Family,Brick Veneer,Building New,A14,77.57263056,14075.1554
71589,77.63293886,34.82592594,2016,Aluminum/Vinyl,42706,50300,Building Site Off-Road,1918,2,Single Family,Aluminum/Vinyl,Building Modified,A30,2407.424363,33444.34295
36418,77.22974008,34.73602517,2016,Aluminum/Vinyl,153708,182250,Residential,2014,1,Single Family,Aluminum/Vinyl,Building New,A62,2741.989445,14969.24345
71969,77.45966278,34.83441068,2016,Brick Veneer,12883,85020,Building Site Off-Road,1968,1,Single Family,Brick Veneer,Building Modified,A14,459.6851946,38920.0786
124708,77.43897384,34.77690508,2006,Brick Frame,24838,145820,Residential,1966,2,Single Family,Brick Frame,Building Existing,A30,2146.720052,25673.79939
88953,77.47550747,34.68371944,2006,"Frame Siding, Plywood",48646,132140,Residential,1992,1,Single Family,"Frame Siding, Plywood",Building Existing,A10,2366.084071,19220.88538
74350,77.51817129,34.44626093,2006,ALUMINUM/VINYL,1808,269240,Waterfront Canal,1993,1,Multi-Section MH,ALUMINUM/VINYL,Building Existing,B35,224.6904408,7562.701864
48046,77.20884988,34.79741297,2016,ALUMINUM/VINYL,55205,117700,Building Site Off-Road,1995,1,Multi-Section MH,ALUMINUM/VINYL,Building New,B32,473.6335704,270881.7623
44409,77.30993823,34.77698311,2016,Aluminum/Vinyl,70941,179900,Residential,2008,1,Single Family,Aluminum/Vinyl,Building New,A58,2549.67007,16938.26405
124392,77.37289096,34.77541333,2006,Brick Veneer,14526,152390,Golf Course Lot,1958,1,Single Family,Brick Veneer,Building Existing,A14,3428.693759,43914.56426
115352,77.41529448,34.76007225,2006,,15203,1732965,Commercial/Ind/Primary,0,1,RETAIL,,Building Existing,F16,12506.05838,65875.71385
118979,77.37134438,34.76532318,2006,Aluminum/Vinyl,36212,150040,Residential,1986,2,Single Family,Aluminum/Vinyl,Building Existing,A26,122.7266822,14674.00153
142558,77.46406358,34.8457075,2006,Aluminum/Vinyl,59824,183510,Residential,2002,2,Single Family,Aluminum/Vinyl,Building Existing,A30,1904.907742,25784.75177
20486,77.50347429,34.52199138,2016,Aluminum/Vinyl,57689,144440,Building Site,2007,1,Single Family,Aluminum/Vinyl,Building New,A58,1865.821006,45463.0457
63895,77.37250968,34.54861739,2016,Brick Veneer,61209,691860,Building Site,2000,1,Single Family,Brick Veneer,Building Modified,A58,200.7263966,89276.31177
56548,77.55795962,34.84897632,2016,Aluminum/Vinyl,64207,201190,Residential,2004,2,Single Family,Aluminum/Vinyl,Building New,A30,197.4840819,21820.29681
65337,77.50545626,34.69409775,2016,Aluminum/Vinyl,65866,191800,Residential,2005,2,Single Family,Aluminum/Vinyl,Building Modified,A30,1899.230534,53097.18877
18365,77.56210519,34.47979848,2016,Aluminum/Vinyl,74717,232060,Residential,2009,1,Single Family,Aluminum/Vinyl,Building New,A58,2767.222086,12832.25572
47455,77.45026663,34.79737159,2016,Aluminum/Vinyl,158249,207840,Residential,2015,2,Single Family,Aluminum/Vinyl,Building New,A18,1546.063412,13592.1416
21087,77.49583042,34.52664003,2016,Aluminum/Vinyl,158381,240170,Residential,2014,2,Single Family,Aluminum/Vinyl,Building New,A30,2402.801873,31272.40344
122239,77.4179732,34.77163043,2006,Brick Veneer,4207,129590,Residential,1968,1,Single Family,Brick Veneer,Building Existing,A14,572.2104342,15042.06191
17301,77.51313106,34.44728091,2016,ALUMINUM/VINYL,13624,261510,Residential,2007,1,Beach House,ALUMINUM/VINYL,Building New,A62,1671.073091,6516.434437
124665,77.37058896,34.77585662,2006,Brick Veneer,28778,220350,Residential,1978,1,Single Family,Brick Veneer,Building Existing,A10,4693.908355,49437.26304
77248,77.55278332,34.49554686,2006,ALUMINUM/VINYL,20572,44310,Building Site,1996,1,Multi-Section MH,ALUMINUM/VINYL,Building Existing,B32,992.44337,3999.94046
117678,77.37222501,34.76321883,2006,Aluminum/Vinyl,50291,152460,Residential,1994,2,Single Family,Aluminum/Vinyl,Building Existing,A30,1576.476178,10451.57118
20902,77.49757247,34.52564554,2016,Aluminum/Vinyl,156369,213130,Residential,2013,2,Single Family,Aluminum/Vinyl,Building New,A26,1920.138548,20693.11686
29894,77.56631654,34.70147165,2016,Aluminum/Vinyl,51226,129240,Building Site Off-Road,2008,1,Single Family,Aluminum/Vinyl,Building New,A58,2129.198461,53291.49949
95050,77.11373644,34.70710836,2006,Aluminum/Vinyl,59345,92420,Waterfront River/Creek,1940,1,Single Family,Aluminum/Vinyl,Building Existing,A14,1058.380565,25742.14957
91243,77.50419794,34.69307778,2006,Aluminum/Vinyl,65909,195000,Residential,2005,2,Single Family,Aluminum/Vinyl,Building Existing,A26,1804.48056,22025.07111
24691,77.18951971,34.65254319,2016,Hard Board (Hardy board or pla,74194,163940,Residential,2008,1,Single Family,Hard Board (Hardy board or pla,Building New,A58,2206.202757,48215.88262
45516,77.36160212,34.78383994,2016,Aluminum/Vinyl,6222,112340,Residential,1974,1,Single Family,Aluminum/Vinyl,Building New,A14,162.3436805,13824.10037